mensagem,odio
Votaram PEZAO tomar CZAO,yes
cuidado poupanca pessoal Lembram acontecer epoca Collor ne,no
achar engracado governante nao pensar cortar regalia beneficio desnecessario favorecer sera ne claro ate nao enxergar sao estao la defender proprio interesse empresario casso tambem comecar tomar atitude mudar roubalheira pais tendencia so piorar dinheiro investimento nao aumento salario regalia nao,no
Podiam retirar lucro banco,no
CADE GALVAO PRA NARRAR FALIIIIUUUUUUU FALIIIUUUUUUU FALIIUUUUUUU,no
nao possivel deputado ter tanto cargo comissionar dispor precisar cortar,no
Ser honesto aprovar projeto original ir acabar farra Brasil,no
nao pizza anunciar anistia caixa divulgacao lista Odebrecht,no
ja ver bandido fazer lei anticorrupcao,no
olha cara fazer util interesse publico,no
ai MBL mobilizar pr rua ironio,no
teori seguro bronca stf,no
AVANTE MEDIDAS Brasil clamar pra corrupto Cadeia em ele,no
Haver previsao entrar plenario comeco novembro preciso aprovar projeto lei medida anti corrupcao milhoes assinatura necessario tambem preservar conteudo original projeto,no
baguncado jeito de aqui ha juiz instancia mandar grampear ministro stf ja nao acontecer prova colher fe lei magistratura resquicio monarquia tambem precisar revogar,no
politico jamais aprovar lei prejudicar direto indiretamente PEC desdobro crise Brasil devido dezena centena bilhoe real desviar ano Brasil dinheiro amigo diferenca,no
Limitar ano salario politico mesmo cocega ganhar triplo ganhar nao ter patrimonio luxo ostentar,no
problema sao salario PROBLEMA sao verba eventual desembargador receber justica cego cara pedir vista nao ta enxergar nadaou cego ne STF,no
Judiciario Acreditam indice,no
gerar riqueza nacao trabalhador Politicos funcionario publico nao gerar riqueza utilizar de ela caso Brasil roubar inventar medida nao parar corrupcao pai nao mudar so piorar,no
novinha receber alguem salario de ela aivar mandar cortar,no
Renato voce razao acabar desgoverno passado populista inves ensinar pescar peixe perpetuar custo,no
relevante mulher de ele voluntar,no
Diminua salario tbm presidente Coloque teto salario politico Estabeleca aumento salario acompanhar aumento salario minimo,no
nao esqueca justica tb juiz desembargador etc etc,no
voces sao idiota Voces saber executivo interfira poder salario sao vincular texto constitucional informar nao ser santo pra nao passar vergonha falar nao saber,yes
Falar algum mentira,no
voce falar,no
Resumiu operar,no
ver hipocrisia pessoa so Tentando cortar gasto necessidade basico populacao conceder aumento absurdo classe apoiar golpe Sabemos carne cortar,no
Ricos continuar rico pobre continuar pobre retirar dignidade delesisso,no
Alexandre Acioni estudar pra comunista medida Temer sao mau comunismo voce pobre meter besta ficar repetir mazela igual papagaio repeticao,yes
nao cortar gasto politico,no
saude educacao emprego seguranca nao existir pai lamentavel,no
Pec dinheiro terar sair algum ser impor aumento ja existente problema educacao Saude seguranca corrupcao resolver sobrar dinheiro area,no
isencao imposto igrejaschega bagunca,no
taxar dinheiro doacoe Coitar mendigo,no
Unico corte verdadeiramente carne acabar excesso beneficio diminuir salario politico Ahh claro diminuir quantidade de eles tambem,no
Deveriam nao responder perguntar la PF,no
presidente nao ter coragem propor acabar regalia beneficio deputado senador eu continuar presidente caso ser candidato reeleicao nao ter voto,no
Paulo Bertazzi voce ditadura,no
sr presidente Brasil vir reforma chegar mimimi ir trabalhar,no
pobre metido besta ja ja ficar dinheiro sentir bom tempo,yes
Bons tempo Brasil bom tempo entao lembrar ai nao lembrar nao HAHAHA,no
engracar PAGAR PATO RECHEADO GORDO,no
pra ir kkk pra politico ir politico receber,no
Martin Sales deixar idiot ninguem discordar temer Mortadela so pai pobre meter besta defender,yes
viva lavar jato vir delacoe politico corrupto cana,no
Bernardo Cabas deputado federal ja estao movimentar anistiar caixa existir ate dia hoje So condenacoe de aqui Estao quebrar espinha dorsal lava jato delacao premiar,no
Repatriacao dinheiro parente laranja,no
cortar proprio carne ver so ze povinho ferrar Cortar carne diminuir inchaco maquina publicar diminuir ganho politico,no
carne nao receber salario minimo ja aposentado nao precisar SUS educacao publicar unico carne cortar pobre politico rico serao atinginr,no
reforma tributar mercado divida cortarao carne Juros Divida publicar levar cerca quarenta tres orcamento gasto primario nao chegar PEC nao resolver,no
perfeito Marcio Lembrando politico sao donossocio empresa plano saude escolasfaculdadesuniversidade particular preciso desenhar,no
Brasil crise precisar adotar corte gasto populacao aumento salario juiz edeputar tao simples entender,no
verdade ir compreensivo,no
Rodrigo realmente facil compreender compreender golpe mestre ah ah ah,no
pais rico roubalheira atrave seculo acabar quebrar medida arrochar trabalhador nao enganar nao so partido roubar,no
cortar proprio carne reduzir Deputados Federais Senadores gabinete aa consequente reducao mordomia,no
Temer falar cortar proprio carne entao nao comecar cortar aumento q sancionar ministro deputado ja bom desempenho nao preferir tirar gente q de ele mesmo,no
cara velho asqueroso,yes
populacao tao manipulado so entender lado nao dever nenhum Dever lutar locupletar dinheiro ser partido,no
nao verdade governo milhoes funcionario publico sobrar nao cortar mundo estao cortar carne nao carne verme ja chegar Temer,no
Caro presidente Temer Sr falar cortar proprio carne começar mordomia Srs aposentadoria sr previdencia diferenciar politico item observar nao empacotador mercado esquina nao zombe inteligencia gentileza,no
ir cortar gasto publico ir cortar funcionario confianca indicar politico ir cortar funcionario alto escalao indicar governo concurso publico capacitacao tecnico adequado ir cortar quantidade politico,no
FMI ja afirmar paise incluir potencia economico medida adotar Brasil sao DURAS INFLEXIVEIS Alguem ja ler defender ASSUNTO SERIO MEXER VIDA,no
FMI nao mandar economia mundial vao mer rda,yes
especialista afirmar PEC nao principal razao nao atacar problema real rombo orcamento PAGAMENTO JUROS DIVIDA NAO AUDITADA foge logica pagar juro divida arrecadacao so crescer,no
ESPECIALISTA MENTIR PRA,no
SAO QUASE SO PAGAR JUROS DIVIDA reforma tributar PRINCIPALMENTE REFORMA DIVIDA PUBLICA ninguem mexer ja contrariar poderoso emprestar dinheiro Brasil ligar FMI facil culpa trabalhador programa social nao representar fatia orcamento,no
nao implantar imposto fortuna auditar divida ilogico so aumentar apesar aumento arrecadacao,no
nao existir especialista economia funcionar Aumentar gasto publico exigir sociedade imposto cobrir gasto governo incompetente sao DURAS INFLEXIVEIS nao simplesmente querer aumentar imposto nao dinheiro pra gastar sociedade tambem precisar dinheiro pra estimular economia sociedade nao conseguir pagar imposto entao nao aumentar gasto,no
Marcio Oliveira governo dever acabar privilegio STF congresso camara deputado CNJ ser judiciario principalmente auto escalao governo medida tirar costa trabalhador imoralidade,no
Paulo Henrique nao esquerda nao tratar ideologia partidaria pessoa precisar procurar fonte seguro antagonica assunto logica olhar problema macro,no
alem traira hilariona propr carne KKKKKkkkkkkk,no
unico carne q cortar oferecer JANTARESFILE MIGNON,no
TEMER ABAIXO REDEGLOBODECORRUPCAO,no
CONGELAR SALARIO POLITICOS SAO NEFASTOS NACAO,no
batedor panela piscador luz varanda cara de ele,no
Irao sentir proprio carne estar inferno pagar estao fazer,no
haver presidente gastar bom comecar proprio conta,no
Deviam perguntar carto corporativo gastar milhoes outro governo dever zera cartoe,no
PEC cortar carne politico estao intacta salario de eles aumentar regalia continuar desvio dinheiro tambem continuar lavar jato nao detectar ai Brasil politico farinha saco eleicoe procurar vender voto politico nao voto ficar optativo prejudicar tange eleger comprar voto manipular burro educacao saude direito,no
PAULO VOCE BURRO,yes
VAO BATE PANELASSEUS BURROSBEM FEITO,yes
saude Educacao nao gastar investimento acabar farra publicar dinheiro acabar foro privilegiar regalia punicao grave crime corrupcaoPior cego nao enxergar nao sera saude Brasil,no
ser petralha estar criar bolsa ate virarmos Venezuela,no
cortar proprio carne acabar financiamento partido politico,no
cortarsea proprio carne proprio carne nao de ele,no
Ministros farra dinheiro publico,no
vao dinheiro volta sanguessuga,no
cortar carne regalia politico Brasilia ir sacrificio Temer,no
ate so cortar acer file Mignon continuar nadar bracada,no
so conversa mole golpear nao Temer,no
corta proprio carne povao enganar es goto Televisao,no
Impopular ja Mordomo cortar proprio carne nao nao carne,no
To gasto carto corporativo utilizacao avioe FAB subir cortar carne,no
cortar proprio picanha churrasco domingo faltar churrasqueiro,no
nao reduzir salario milionario classe politico nao nao criar lei politico arquar despesa nao acabar foro privilegiar parlamentar nao criar mecanismo pra colocar corrupto cadeia devolvir roubar,no
concordar PEC ver reportagem hoje G farra ministro Aviao FAB fiquei revoltadoEsse pai nao conserto nao,no
farra ministro POLITICOS gente governo Aviao FAB pagar conta corte carne nao existir viajar Aviao carreira ai acreditar,no
ahhh cortar proprio carne Vou ficar medo entao cortar carne,no
assumir so Falafalamas Resolucao,no
sr presidente Brasil vir reforma chegar mimimi ir trabalhar,no
aumento amiguinho ferro,no
precisar reduzir custo Brasilia Reducao privilegiosreducao numero deputado senadoresreduzir numero instancia recursal judiciario,no
nao ver corte algum DEIXAR GASTAR nao cortar,no
inves tirar populacao pobre tambem nao criar imposto fortuna exonerar cargo partariar comissao corte salario regalia deputado senador secretario presidente Republica diminua salario auto magistrado ai comeco acreditar governo Brasil bom,no
filme novela culpa mordomo,no
Temer expliquar sentir proprio carne ja nao vao cortar verba,no
Ahahahahaha voce deverar trabalhar dobro triplo nao,no
senado pagarar R reforma gabinete Romero Juca PMDBRR,no
lembrar Marcos Alves PEC importante tao sonhado reforma politico ja participar,no
dinheiro mao precisar suprir necessidade ser casa empresa municipio pai unico aonde economizar cortar pra nao negocio afundar restante sao julgador nao saber acontecer,no
discordo parte inves tirar populacao pobre tambem nao criar imposto fortuna exonerar cargo partariar comissao corte salario regalia deputado senador secretario presidente Republica diminua salario auto magistrado ai comeco acreditar governo Brasil bom,no
voce ver ja ser cobrar imposto pessoa aplicar dinheiro paise cortar salario aumentar impor ai nao resolver problema agravar cortar gasto desnecessario valer,no
governo nao carne carne estao cortar ver deservico publico,no
cortar proprio carne Ministros ter burlar regra FAB voo,no
Brasil amanha dizer porem Amanha falar recuperacao pai longo prazo ano ate la governo ai Brasil ja nao estar afundado vezVai ver,no
melhor comecar cortar despesa de ele nao haver ate entao nenhum presidente gastar tantocomece cortar proprio carne,no
cortar carne Pq auto salario mordomia nao entrar limite pec maldadefora temer,no
engracado meter mao dinheiro populacao querer ajudar empresa privado OI dinheiro publico jeito esperar outro meteoro reset novamente,no
cortar propria Carne churrasco planalto chamar unico Carne cortar mamata de eles,no
hahahahahahahahaa hahahahahaha piada cara,no
reforma urgente proximo previdencia PEC fichinha,no
cortar proprio carne aumentar gasto propaganda ta,no
hUAHUAHUAHUAHUAHUA PIADA pRESIDENTE,no
so acabar farra cartoe corporativo,no
Gastando MILHOES carto corporativo Hipocrita,no
gerar impopularidade eleitor parlamentar,no
QUera pq pagar erro politico Pq nao cortar proprio salario verba gabinete mandar Monte auxiliar parlamentar so servira sugar dinheiro publico Acabem roubalheira q Brasil avanca,no
pais sair crise economico sair alto investimento educacao tecnologia Ja Brasil receita contrario resultado ja saber volta Republica Banana classe media voltar pobreza pobreza voltar semiescravidao,no
politico ai Brasilia praticamente nenhum ficha limpo sao grande ladroes Brasil,no
acabar mordomia comunista vao trabalhar corrupto,no
crescimento,no
claro nao Votacao G ai PEC verdinho vermelho ir realmente impopular,no
lista cinquenta item tivessemos Governo diferente Governantes so pensar enriquecimento proprio,no
PEOCUPEMOS PAIS SUJOOS OUTROSPROBLEMA DELESIGNORANTES,no
carne carapaler,no
vario aposentadoria sentir corte kkkkkkkkkkkk,no
finalmente chegar hora trabalhar pra coisa pai Ja sentir trouxa trabalhar pra comprar coisa,no
preparemse corte concurso publico poderao colocar apadrinhado alto salario concurso verba saude educacao seguranca publicar aguardar aumento assalto reduzir gasto bastar corte alto salario cargo comissionar concurso beneficio gestor,no
carne Aumento vario categoria servidor servis dao suporte ser fazer unico sentir impacto real incrivel pareca tao alienado parcela loucura,no
tonto acreditar palhacar cortar pobre necessitar saude educacao governo pra aprovar terceirizacao mes vao aprovar caixa Delacoes Odebrecht poder realizar nao punir imundo,no
nao golpe Dilmae bonito trabalhador colocar la novamente,no
NOCAOSEM ARGUMENTO ADESTRADOJOGA CULPA,no
Antonio Oliveira VENEZUELA GASOLINA VALE CENTAVOS DOLAR POTENCIA,no
nao reconhecar governo ilegitimo golpista Temer companhia,no
ninguem importar vc mae,yes
palestra analfabeto quantas proferir apo Lava Jato,no
presidente vir reforma ir trabalhar chegar mimimi,no
Povao governo cortar direito previdenciario cortar gasto educacao saude manter privilegio poderoso nao poder aceitar ir protestar ir Lulo Lulala,no
so vejo comunista PEC resto q vejo sao,no
enfim iniciativa vista futuro nao so proximo eleicao,no
Heranca governo anterior,no
falar heranca sao ano PEC haver heranca pra deixar,no
vOCE BRINCALHAO,no
Parabens Pres tomar mediar duro culpa PTe,no
lascar miquinho amestrar,yes
IDIOTA,yes
pro tanque Sras Sonia,yes
Sonia cartao corporativo presidente ja bater casa R Milhoes,no
ja ouvir algum dia falar antena nao longo alcance nao ne rsrs,no
perfeita explicacao fisica Antonio Souza achar OC OT ninguem transmitir ne,no
famoso transglobe Philcoso servir pra ouvir radio Paraguai,no
FM loge nao chegar Acabar radio interior despovoar meta,no
Leier noticia tristeza transmissao AM unico possibilidade ouvir radio lugar longinquo Brasilsao transmissao FM limitar alcance devido frequencia radio transmissao modalidade sao autorizar legal nao precisar Sr presidente trabalho contrario dever estimular radio transmissao AM local populacoe necessitar acesso transmissoes Radio ate inclusao social inclusao Nacional pena,no
radio sao controlar politico so precisar presidente certo pra ganhar presente muito gente xiar AM alcance,no
nao entender existir transmissao radio AM aindaem cidade pequeno local afastar capital fm nao chegar chiadosa AM chegar ruim cheganos cantoe Brasilzao so AM chegar muito palha aco anteninhasagora ficar entretenimentopoisr tv analogico luxo tv digital sera utopiaagor AMserao isolar ate informacoestudo querer,no
mundo morar cidade Acorda,no
Brasil milhoes km propagacao FM nao passar km,no
Deixa pra la Esquece dificil compreender basico basico Bjs Tata,no
Infelizmentehoje dia melhor arruaceiro agitador Brasil trabalhador honesto,no
lista contir politico Lamentavel,no
imoralidade ate trabalhador vao sustentar parasita,no
FARRA BOI PEDINDO ANISTIASABE NE RIR,no
familia soldado civl morto bomba terrorista so receber xingamento pai so defender premio bandido,no
cara botar preco ideal nao idealistaE mercenario,no
anistia governo militar deixar Brasil mau,no
noticiar nao interessar globo,no
Torra absurdo politico militar judiciario problema velhinho pegar salario minimo,no
problema cara tirar dinheiro previdencia trabalhador iniciativa privado pagar beneficio servidor publico civilmilitar,no
senado instituicoe cara inutel pai votar corte gasto de ele naoBando ladravaz erario,no
PRAS RUAS MOSTRAR NAO ACEITAREMOS,no
pec comecar semana pai,no
Usar calculo diferencial integral voce ano contribuicao comecar ano hoje ano reforma cair pedagio ate faltar ano voce trabalhe anor ter ano cair reforma completo,no
Preparem PEC aprovar Brasil sera Etiopia,no
grana pra salvar oi sair,no
setor eletrico ninguem investigar,no
demente total,yes
acabar rotulo esquerda politico corrupto partido Vemos clareza partido defender interesse elite povao PMDB PSDB nao sao partido sao quadrilha organizar,no
esquerda ai nao condicoe linderberg gleisi Fatima Bezzeratotalmente insano,no
Joao Pereira anencefalo comentario enojar,yes
Olha em isso concordar Joao bom pagar SM estudante presidiario,no
pai podreque nojo,no
nao entender colocacao podre pai nao pai,no
nao entender Edsonda explicar duvida bom,no
outro Bertin lexotankkkVixemas vc mortadela filho,no
Resultado ano patria educadora Educando ladroes corrupto,no
engracado voce disputar emprego voce perder,no
votar quisermos voto livre vc nao gostar problema,no
nao frase so nascer Brasil so colonizar,no
Sr Sergio morar criar comissao magistrado corajoso p apurar crime medo,no
Desisto pai,no
modelo Enem enganar pensar entrar faculdadeentra pouco resto fraude,no
reclamar so ha corrupcao Brasil,no
Luiz vc nao ser tirar nota ficar mimi entrar atrave ENEM to estudar conspiracao kk,no
ocupacao escola sair pra ENEM esperto,no
fraude tanto fraudar ninguem saberar Alias pai historicamente ja fraude,no
corrupcao corrupcao area Brasil acontecer corrupto,no
vontade aipim rbbbbbbb,yes
Cade Sergio morar sobremesa,no
engracado fraude comecar nonpoder Brasilia,no
diga acao publicar nao fraude pai desconfianca tao ficor querer pessoa forro privilegiar traz esquema,no
esquerda mentir sera bom Brasil nao vao eleger ninguem,no
Edmond julgar comentario vc verdade projeto lei tratar reforma previdencia barrar oposicao epoca acaso golpe destino hoje governo,no
esperarnao adiantar perguntareles nao vao falar Milhoes Srra,no
cite amigo esquerdopatar LINHA DEFENDO SEJA SO,no
defendar imperio lei note grifo paguar fazer nao tolero hipocrisia mentira descabir esquerda incluor PSDB eu esquerda enter intolerante esquerda lha defender bandido estimacao atacar sao pequeno causa Hipocrisia nao,no
Brasil nao PEC maligno draconiano ser,no
Entendam causa principal acontecer politica reflexo negativo economia obra populismo ano desgovernanca so ter plano governo perpetuar custo,no
Derrotar urna Gostaria,no
DERROTADA Urnas urna ahahahh ate ganhar perder pra Votonulo ahahahh,no
nao derrotar urna VARRIDOS saber hehehehe,no
exercicio logica elementar PSDB ganhar cidade vencedor eleicoe supostamenteb perder voto nulo imaginar vermelho kkkkkk VARRIDOS SP entaoPrimeiro turno passeio,no
rir cara desconto aposentadoria troco apoiar golpista ahahahah,no
ladrao,no
to dizer globo Sergio moro boca urnaeles estao apagar mensagem,no
Nilsa Amaral TEMER MOE PROLONGADA ANOS,no
Mauro dementekkkkkkquem ta lutar sao voce apoiar bandido,yes
felizmente extirpamo projeTo defoder clePTorruPTo,yes
tao AMEACADORES clePTorruPTo verdadeiro corsa veadinho mansinho so mimimi,no
MESMOS NAO BASTOU AFUNDAREM BRASIL,no
Qualificou investir pesar PF achar unico CulpadoSP ta policial civil PM paulista achar kkkkkkkkkkkkk,no
economia casa empresa diferente economia pai empresa cortar gasto facilmente governo cortar gasto gerar desemprego queda economia John Maynad Keynes defender gasto responsabilidade cortar gasto educacao saude nao,no
torcer pior bom,no
estar la nao fazer alem distribuir dinheiro disfarcar bolsa familia coisa sentido Educacao Otima Saude Otimo ja bom distribuir dinheiro,no
vencedor urna voto branco nulo recado dar partido ver coxinhar,no
Aceita boquinha acabar doir Vermelho so ketchup,no
politico pecar possivel informar bom politico kkkkk,no
alvaro arma voto problema nao instrucao nao estudar historia Brasil,no
nao importar partido bandidagem sistemico ficar discutir pardidarismo comporativismo combate corrupcao sera velar Forro privilegiar pai alto nivel corrupcao afronta etica moral,no
assinatura laranja resto nao assinar,no
Russia montar base Venezuela problema passar,no
hora nao conseguir resposta claro nao existir,no
hora responder nao achar claro nao existir ditadura eficiente,no
MELHOR DITADURA MILITAR DITADURA ESQUERDA,no
kkkkk so ze mane ta guerra frio ate hoje,no
historia ensinar precaver futuro prova Venezuela estao fazer vitima impor ideologia genocido,no
apos hora nao conseguir encontrar sequer ditadura paises desenvolvir sera,no
realmente Brasil mudar situacao nao sair mar lama,no
Marcos Brasil nao haver ditadura militar haver governo militar vario medida reerguer pai citar criacao fgtsembrafilme embraer bnh hidreletrico eleicoe direto governador deputado Ta pra voce,no
China possuir ditadura grande economia mundo Marcos,no
Brasil tambem grande economia mundo desenvolver,no
enfiar kit cut,yes
globo sergio moro fazer boca urna em esse eleicoe,no
voce achar alguem votar PEC jogar Brasil Nigeria,no
dl bom Nigeria venezeruela,no
teucuquente porem continuar dar adoidar,yes
OPOSICAO conseguir atrair se proximo odio eleitor,no
Murilo terminar faxina limpar pai esquerda lha Urgente,no
Sao agitador so saber ha saber tambem roubar,no
Concordo plenamente so saber governar dar dar,no
oposicao governo governar aELITE,no
marco achar politica ferramenta transformacao quato engano,no
partido chamado P T P Sol sao doenca pra nacao enfermo,no
coisa gentinha estao feder mortadela podre nao tomar banho,yes
nao ai pro Brasil so,no
acabar forro privilegiar dai ministro STF livrar cara,no
esquerda seguir passo largo rumo quase extincao Continuem,no
PESQUISE PAICIPE Consulta Publica PEC,no
ESTAMOS PEINHOS MILHAO PAICIPANTES ACORDA BRASIL,no
Continuam espalhar mesmo mentira,no
Voltaram so senpre fizerem Sao defensor lamentavel,no
quebrar pai tentar boicotar trabalhar,no
BOICOTARAM governo eleger ano SAO GOLPISTAS nao oposicao ahahahh fazme rir,no
PESQUISE PAICIPE Consulta Publica PEC,no
ESTAMOS PEINHOS MILHAO PAICIPANTES ACORDA BRASIL,no
Esperem proxima eleicoe vao chegar,no
Rodrigo nao Bagunce ideia,no
ir lutar direito conquistar tanto luta,no
TA animadinho rapaz APOSENTADORIA DESCONTADA VOVO TAMBEM AHAHAHAH,no
corrupta terrorista apresentar ameaca honesto Uruguaio,yes
mulher destruir Petrobras destruir economia enriquecer custa,no
esquerda uruguaia nao roubar mojica ta fusca,no
ver possibilidade asilo politico ja receber ordem prisao,no
nao ter pensar em isso hipotese plausivel,no
verificar possibilidade asilo Lu,no
asilo pra nao ai excompanheiro palanque,no
nao tupamaro ja tirar aki nao,no
anta incompetenta soltar,yes
ta soltar ja invadir fortaleza de aqui novelina sair ar,no
mortadela ja beber cachaca q nao falar,yes
Temer ta pra caramba ne Trouxinha,yes
fafa de aquele aluno ser zuado escola pagar revoltadinho Internet,no
Pentateuto nome estranho acreditar capacidade discernir resgatar,no
pena linha reportagem dever pular,no
so nao nao perfeito esquecor rs,no
mao de ela foto acaso baseado,no
nao ir desrespeitar Fidel fumar charuto Uruguai,no
Uruguaios conversa de ela acabar falir tambem,no
ganhar Oreo Tabare milenar ritual esquerdista oferecer vento,no
pena existir vermelho espalhar pai mundo,no
dedo Socado mae kkkkkk,yes
dificil ha ano ceu ta zona,yes
ficar semana la Uruguai entrar recessao,yes
ja estar ter cuidado peso pesar real de ela,no
NAO ESTAO NAO SENAO RECRUTARIAM MAE VERME,yes
To sentido defensor bandido,no
ES CRO TO DESSES VERME,yes
QSF,yes
defenestrar nao aceitar insulto,no
Lamentavel garantar voto Luiz Inacio Messias Silva,no
nao voltar la Damos presente pro uruguaio,no
Brasil ta quebrado temer emprestar bilhoe FMI,no
doar bilhoe U vizinhanca colher dividendo,no
Estao perdidinhos anotar placa caminhao atropelar petebada outubro,no
recebir capim agua fresco,yes
Aproveita deixar capivara ai,yes
ficar la ANTA,yes
Uruguai ira receber escoria Brasil,no
aqu nao carne pescoco gostar so picanha parrilla,no
comunista fazer ato democracia Democracia vermelho,no
nao veia ta segurar cigarrinho maconha,no
NAO MACONHA CANABIS SEJA ELEGANTE CAITE,no
batata de ela ta assar ja fazer plano fuga,no
estar exportar mortadela ficar graca,no
nao forca senso ridiculo,no
ja comento sera comentario sao censurar,no
robozinho ficar buscar q nao pra censurar q precisar nao eliminar,no
visita Tabare Vasquez nao ganhar eleicao sindico predio,no
ficar ai Janete traste inutil Destruiu Brasil vaco,yes
Tabare Vazquez vc dever escolher melhor amizade,no
nao levantar suspeita pedir exilio dono triplex,no
lindo incompetente cair igual Jaca maduro,no
reuniao ex guerrilheiro la fazer,no
temer bom ta ter ne pai potencia mundo ne,no
cuidar bandida nao vendar infirmacoes sensivel Brasil,yes
motivo pra fugir sao aparecer constantemente lista lava jato,no
baitola mao ir Murro certeiro cara feio porrrra,yes
ta louco Davi To afim mao nao,no
dali pro Panama acabar esconder butim,no
ato uruguaio presenca de ela importante preco banana Monaco,no
PETRALHAS ESTAO ARRUMANDO ESCONDERIJO,no
Ajudou afundar pai nao vergonha cara achar normal,no
La receber Tabare receber Tabareus,no
erro entregar ponta terra extremo sul Brasil,no
cruz credo bosta,yes
Tabarez digame anda dir es,no
ato democracia ta enganar gostar,no
nao morrer desgraca,yes
dai formacao quadrilha defesa democracia so riso,no
ta fazer cama Moluscovai,yes
Muie drome cuie brincar fiuvicoCuidar,no
roubar bom passear,no
ficar receber presidente Uruguai padrao,no
terrorista nao preso roubar atrasar pai morra demonio,yes
falar verdade nao publicar falar liberdade expressao,no
Olha ai Sergio morar dar vacilo kkk pegar pow,no
putskkkkkde relevancia importanciakkkkkkk,no
provavelmente planejar rota fuga pai vizinho,no
morrer desgracado,yes
Sera discursar la falar espanhol sotaque,no
Tabare tipico bolivariano light existir,no
Saida tangente tambem comprar casa,no
NAO SABIA URUGUAI GOSTAVA PORCARIA JUNTO,no
graca idiota Levandowhisky,yes
Querer ir pro Paraguai tomar outro calote kkkkkkkkkkkk,no
vagabunda,yes
Vao sentir dentadura pao mortadela,no
Bruno nao Kou assimVar tomar Gu,yes
ja programa hoje,yes
Vira ai ir dedo,yes
pensar MOADELA maconheira chato,yes
vc assister bolsa Esmola,no
Vc algum retardo burrice Maria,yes
Maria Benta provar peba pimenta Malaquias,yes
Maria lavar louca voce ganhar,yes
Toma vergonha cara boiola maconheiro infectar,yes
cara chupar piroca,yes
quanto gente raivoso horror,no
entao va la aproveitar case homem la,no
Ganhou pq nordestino nao votar,yes
OBSERVO ESTAO COMPARECENDO DESCONTENTES GOLPE,no
entrar voto Saiu voto Cade golpe so afirmacao ne,no
Vinicius Moraes chamar Naldo Eh adequado kkkkkk,no
Marcio nao irmao nao nao irmao baitola,yes
so numero dislike coment inutil nao moral assimPalhaco,yes
Quena Tirso sentir muito charuto mertadela tadinho aceitar doi,yes
aonde vaca boi atrasTa apaixonar,yes
Tirso gente comer boca voce comer tra,yes
Carambaachei ja ter morrer Tirso Tambem,no
Democracia fazer venezuela petebas querer arrumar emprego,no
Roubalheira entao governo oriundo roubalheira ladrao tambem Eleicoes ja,no
leveza paralelepipedo honestidade DEDOS,no
Sera MAV conseguir ler falar paralelepipedo,no
total condicao opiniao liberdade expressao valer enfim,no
Rosanabandida esquerdista fedorentar,yes
Osvaldo Miranda nao concordar respeito comentario,no
rosano revolta devido mortadela,no
nao ofensa curiosidade estudo animal,no
golpe de ela Rosana pra reileita chamar bolsao familio,no
escarnio acreditar em ele ate falar beleza elegancia,no
pseudonimo SURREAL bidu,no
aha ta ir acreditar mentirinha nao acreditar nao,no
Collor nao digno limpar sapato DIVA,no
coitadinha pobrezinha Vitima golpe levar pra casa,no
alvo Nacional nao municipalaonde DOBRARAO,no
DESFILARA ELEGANCIA BELEZAPELAS RUAS AVENIDAS BRASILNAO pREOCUPEMr,no
ai gostar charuto mortadela perna,yes
Ilegitimo vc votar Temer votei Aecio colocar presidento vc,no
Joao Claudio lamento resposta nao publicar,no
Sr Temer pôr la vcs votar em ela,no
estrategia VERMELGA ACEFALA terceirizar culpa xingar denegrirKKKK TCHAU QUERIDOS,yes
nao Hospitais estao super lotar equipamento,no
Coitar minimo definila chamar PODRE,yes
burro,yes
nao tiro real orcamento pra destinar presidio hospital,no
area juridico Hospitais sao alcada Ministerio Saude simples,no
PRESIDIOS ESTAO OTIMOS PROBLEMA SAO ESCOLAS HOSPITAIS,no
hospedar politico Rubens,no
revolta Anderson familia presa,no
Mortadelas entender nadaKKK,yes
Roberto inteligente mafioso Skaf perguntar pagar pato,no
negativar sao presidiario Lucasestao equipar presidio,no
Bandido peidar pra Muzenga Resolvam problema superlotacao fazer Carandiru dia Simples,yes
Galera PSOL comunista apertar vermelho,no
policia civil RJ nao privado pra kaggar capivara ta preocupado bandido,yes
Carmen Capivara Lucia levar meia duzir de esse vitima sociedade pra casa faca coquete em ele liberir anel couro refresco groselha mostrar coracao,yes
ate enfim comentario prestar censor Grobo cochilar,no
Bandido defender bandido Estranho papo,no
conforto ate sofrimento familia destruir,no
so ha justico pobre pai rico ficar impune,no
interessante visitar hospital sus,no
concluir ato concordouai nao estupro kkkkkkkkkkkkkkkk,no
presidiar pro sujeito pagar pecado nao ficar resort feria,no
vitimas de esse bandido ninguem visitar ne ja matar,no
poder visitar tambem escola crianca estudar pe lama goteira muitas merenda estragar ate merenda ter andar quilometro pe caminhoes gostar gente ligar direito humano ter decencia nao gostar visitar presidio defender pobre vitima sociedade crianca pes descalco nao sao vitima sociedade porco,no
sera visita HOSPITAIS PUBLICO DF,no
dever haver lei obrigar politico so hospital publicose hospital particular ser proibir atendelo so olhar situacao saude publicar VACALHACAO,no
Deveria preocupado acelerar julgamento beneficiar trabalhador inves preocupar bandido,no
nao visitar familia vitima de esse criminoso,no
parente matar,no
Santa hipocrisia Batman mandar visitar hospital publico estao superlotado,no
Parabens Dra Carmen Sra la diferente existir saber sao marginal nao poder igualar,no
nao ficar cela superlotar nao roubar Trabalhe honestamente garantar nao problema,no
conhecimento leiatodo sao igual julgar condenar exceto militar,no
entao ministra motivo instalar pena morte,no
visitar instalacoe Conde Dracula vampiros,no
sera ministra Carmen Lucia presidente Supremo Tribunal Federal procurar vaga politico ladroes Bandidooooooooooooooos presidio visitar kkkkkkkkkkkkkkkkkkkkkkkkkkkkkkkkkkkkkkkkkkkkkkkk,no
ministra trabalhar km hospital BASE HRAN sera pretender visitar,no
admirar Bela atitude,no
precisavamo presidente,no
peco ajudar universitario ajudar interpretar zozoi querer,no
dever levar Renan Calheiros junto ficar la,no
excelentissimo ministra nao visitar familia vitima,no
deixar ignorante precisar mudanca prender nao Vitima,no
colocar pena morte ai diminuir,no
Sera haver faxina visita Ministra,no
nao reunir parente vitima,no
Trabalhar ninguem senao estar vazio,no
Gosto delaNo STF unico entender escutar,no
CEMINTERIO LOTADO CHEIO INOCENTES MOOS MAOS DESSES VERMES,no
virar Ministra Seguranca nao pra STF,no
visitar ESCOLAS HOSPITAIS,no
nao vejor visitar hospital crianca idoso trabalhador linha fino,no
ir quantas Maes filho assassinar assaltante Ministra visitar,no
Ave Dra Carmen Lucia estao prestes morrer saudam,no
poder estao preocupado bandido cidadao onesto renegar,no
Daqui pra frente piorar nao haver emprego aumentar furto roubo,no
aproveitar ai ja implantar pena morte lixo Bndido bndido mrto,no
visita familiar vitimar escoria sera louvavel,no
pena so vitima de eles comportar nao prender,no
visitar hospital tumulo vitima de esse marginal,no
superfaturamento tv algum Senador Deputado colocar bolso,no
duvido ministra pecar reducao salario tre real,no
culpa ter lei severo estar vazio,no
ter tirar auxilio familia mandar familia trabalhar sustentar,no
presidio superlotado F D fila hospital creche busca emprego,no
pra eu ta vazio ministra cuidar politico safar proteger,no
indulto dar juiz levar preso casa,no
Deveria julgar acoe envolver Jose Serra milhoes ninguem falar Cade,no
querer aparecer Moro gerar ciumeiro,no
eta Dra Carmem Lucia senhora sair marqueteira,no
depender STF Manda soltar mundoE aposentadoria,no
Deverer aplicar etica Aristoteles prisional justo medida,no
presidio lotar milhoes querer entrar em ele paradoxo,no
MULHER,no
receber premio agrado globo ta achar,no
mandar matar esvaziar cela virar heroina nacional,no
Gilmar MendesPSDB ficar ciumesEla querer aparecer,no
Unico comprar ena Brasil sao pobre bando hipocrita hipocrito hipocrito,no
corja golpe so falar merda,yes
excelente iniciativa Ministra Presidente Carmen Lucia Parabens,no
velho dever passear agir ate so conversa,no
Saulo eu preso estao la sao perigoso Brasil,no
Neimar esquerda Gabriel Jesus Marinho ataque,no
Marinho kkkkkkk so jogar ja merecer selecao,no
paulinhaFernandinha campo Messi deitar,no
pra nao hotel Ana Hickimann,no
Brasil vencer jogo dificil,no
x minino mano Bauza vim retranca,no
senado gastar decoracao gabinete,no
TITE NAO TOCAR MESSI DEITAR PAULINHOBRASIL X,no
Gastar reforma gabinete romero Juca sacanagem,no
Neymar gol agradar Messy,no
RLX neymar ja ta treinar barca so chegar vesti uniiforme,no
PALMEIRAS CAMPEAO MIMIMI MUNDIAL,no
Carlinhos Brown ta fazer aivai cantar babaquice de ele,no
neymar fazer algum selecao ausencia bom,no
pergunta ridicula globo jogo,no
Felipe massa ja aposentar sera selecao,no
Bauza retranqueiro botar pra cacar neymar tirar print,no
Marinho jogador desequilibrar jogo,no
Tomara Argentina Goleie fresco,no
Sao Paulo ja rebaixar,no
VAMOS MASSA ATLETICANA LOTAR MINEIRAO APOIAR ARGENTINA LUCAS PRATTO,no
VAMOS MASSA ATLETICANA LOTAR MINEIRAO PRATTO,no
Pratto ai Messi deitar rolar selecao falido,no
so pipoca apertar,no
pipoca excelente zagueiro nao culpa de ele,no
ir voltar ano atra x,no
Corinthians bom aluno enem enemlibertador Enempaulista enembrasileirao enemcopa Brasil,no
virar goleiro,no
nascer jamais sera Junior Baiano,no
Ta jogar selecao nao chance Thiago Silva marquinho Miranda sao bom,no
Jogar PSG decrescimo carreira,no
davi luiz dar certo comar camisa chelsea psg nao pra,no
compensacao levar,no
globo iniciar lobby retorno Selecao,no
David Luiz goleiro pra recorde pessoal vazar,no
tomar jogo so cara ruim,no
possuir outro recorde tomar gol jogo,no
Cahill pesadelo Emerson Sheik Paolo Guerrero,no
so igualar record pessoal ficar jogo levar gol,no
Joga,no
fan torcedor CR Real Madrid sao piada Raca nojentar,no
Melhor mundo,no
Apelar nao comparar jogar Facil,no
Melhor mundo Messi aceitar fato ronaldete,no
modinha rivalidade sao excelente jogador pronto,no
Daniel Lima nao rivalidade verdadeMessi acima futebol atual,no
kkkkkkkkkkkkkkkkkkkkkkkkkk Pepe tbm ganhar CR man,no
moral louco CR bom Messi velho,no
mano Messi ja eleger bom outro time seguir criterio Pele George Best Maldini Iniesta Garrincha sao BOSTAS citar time algunsMaldini Iniesta chegar jogar clube Pele jogar ano Santos ninguem dizer,no
mano boaAngelim voltar pro video game rapaz cara falar Messi ja eleger bom outro time acaso Pele considerar melhor outro Cosmos ja carreira nao existir provar outro clube seguir logica Iniesta bosta voce,no
Isaque nao faca tonto chorer Lionete,no
mano saber Ronaldete nao argumento,no
mano mesmoManona boano manoManooooooooo,no
CR ja ganhar Copa America nao Julio Baptista kkkkk to so pra zuar kkkk,no
so pergunta Real Madri Barcelona estrangeiro,no
Ser clube afinal jogador nacional fazer historia,no
so corrigir Europa estrangeiro,no
Rio Sao Paulo Rio Sul Minas Gerais,no
pele bom q cara,no
kkkkkkkkkkkk tulio nao contar ate golzinho asfalto,no
pra chegar artilheiro genio area Romario,no
videogame igual fas alienar de ele kkkkkkkkkkkkkk,no
cara for,no
Palmeiras continuar mundial,no
discurso Cristiano declarar secar NETO,no
so oculo de ele pra comprar apartamento,no
time contratar Marcelo Cirino ano damiaor ano,no
gol jogo oficial media Melhor mundo,no
ganhar premio FIFA bom temporada,no
Ficar monte mocinha brigar Messi CR Virem homem,no
pedir dica pro Ze pder jogar ate,no
ROMARIOgtRONALDOgtZIDANEgtMESSIgtRONALDINHOgtCR,no
Vao renovar contrato Sergio Ramos ate tbm,no
Messi Cristiano vao dormir hoje preocupar vcs achar de ele Tontos,no
ja nao ta jogar hj diaimagina,no
nao ta jogar hoje imaginar ta nivel alecgol,no
LINDINHO MOCO OCULOS,no
Sera ter tambem ano propaganda Clear men kkkkk,no
sair armario mesmo velocidade baixar qualidade futebol,no
contrato ano clube sao louco ano maximo,no
Real Madrid ta doido cara empurrar bola trave conseguir,no
temporada RALA titulo kkkkkkkkkk Messi ano Barca titulo,no
titulo ser Trofeus Joan Gamper amistoso Bela Galeria,no
mano Ivo Holanda sao titulo Joan Gamper,no
mano Valdeny coisa nao funcionar mundinho nao,no
nao nenhum penaltizinho pro inutil Penaldo bater ahhh poxa juizao,no
mano quase hattrick Solange So faltar penaltis,no
Atras so Robinho Fred Campeoes copa Brasil,no
jogador Daria reserva Fernandinho Fla,no
entao ir somar assistencia ganhaOs sao otimo Messi bom,no
de aqui falar titulo selecao,no
nao bom jogar facil,no
piada super engracado Ja pensar teste pro Zorra Total,no
Concordo,no
jogador jogar oq Marcelinho Carioca jogar poderoso timao chorar antl,no
mulher pia fogao cama,yes
CR ganhar Messi nao ganhar Choremmmmmmmmmmmmmmmmmmmmmmmmmmmm,no
voce falar mano voce chutar bola ENTENDE FUTEBOL CRFOREVER,no
Geraldo Gallo ir protestar Amigo ir invadir CT quebrar,no
Marias tremer pro Galo borrar pro argentino FATO,no
PARE VEXAME GENTE DEIXA CARA,no
saudade Otamendi Gabriel ser dupla zaga sensacional,no
dor cotovelo maria azul borradeirasador pagina galo,no
corrir nao Apagao refletor pra esfriar adversario rajkazblanks,no
corrir nao jogador adversario escorregar gol escancarar rajkazblanks,no
corrido gritinho acreditar nao colar rajkazblanks,no
corrir nao disputa penalty rajkazblanks,no
corrir nao Riascos pra errar penalty rajkazblanks,no
Anelkocando ate hj Maria nao argentino nao ver saber q Marias borrar pro argentino,no
pena Riascos nao Argentinota marcar historia momento marcanteskkkkk,no
MARIAS CIO PRESAS PREDILETAS VOU ESBANJAR DEVORALAS,no
forca peruca Galo RACA ROBINHO RACA PRATTO RACA CAZARES ir jogar amor camisa,no
Concordo parte sombra pro Vizeu nao acomodar igual Jorge,no
NAO ACHO CUEVA SO GOL PENALTY,no
junta ponta Fla nao Cueva,no
Flamengo motivacao meter x santo,no
QUEREMOS TIME PRA GANHAR TITULO NAO PRA FICAR TABELA NOVAMENTE,no
ue cheirinho voce estar sentir,no
Vizeu convocar frenquentemente selecao sub ir centroavante CIRINO,no
Devia ficar Damiao sair inutil guerrero choraor,no
ze burro cara empresario correr solto muito grana envolver,no
TB ACOMODOU PODERIA REVESAR RODNEY,no
perfeito garoto base sao bom jogador citar,no
rogerio antar nao colocar pra jogar,no
tecnico time ruim,no
Complicado colocar Cirino Gabriel atacante nao chutar nao gol,no
CariacicaES bom Bota jogo santo coxa la,no
correto Adriano Adryan bom q Cirino Gabriel Fernandinho etc,no
SANTOS LANCA GAROTOS FLAMENGO NAO,no
menguinho so vcs pensar falar,no
ze cuidar titulo jogo mexer,no
cara colocar chiquinho cirino Gabriel jogar nao normal,no
nao peidods montar elenco entao nao ir porrda cara,no
ELENCO POUQUISSIMA QUALIDADE,no
Abel Braga ano pra disputar libertador mandar Gabriel cia,no
voce nao falar serio,no
THIAGO SANTOS EH MELHOR Q GABRIEL FERNANDINHO CIRINO JUNTOS PQ GARORO N JOGA,no
colocar moleque carioca pra experiencia,no
Ze Ricardo Tecnico Libertadores entregar titulo palmeira,no
Demorou so digar,no
ze ricardo doido time empatar perder continuar Gabriel so caso amor,no
Base Ze nao so jogo la medalhao jogador empresario politica dinheiro bolso,no
NAO POSSIVEL CARA VA CONTINUAR COMANDO TIME,no
ZE CONTINUAR NAO VAMOS GANHAR NADAEM HORAS DECISIVAS ERRA,no
Ze ricardo nao avaliar jogador profissional q estao dira base,no
Verdade nao Escala substituir mau culpado perda titulo,no
culpado perda titulo briga titulo kk ver entender,no
Prefere Damiao Vizeu comentario,no
volante base AMOR DEUS Marcio AraujoPELA AMOR,no
MELHORES NW MELHOR RONALDO VOLANTE LATERAL JOGA,no
ze ricardo ta brincadeira culpa mane jogo time diferente fanfarrao,no
gigante nao ganhar nacional anosta sacanagem ne,no
falar cheirinho perder olfato Rsrs,no
Flamengo assumir ponta Demora voltar jogar Maracana,no
cair Real vascaino Kkkkkkkkk,no
JUIZ BANDEIRINHAS GARANTIRAM ROUBO estao acertar pra,no
ADRIANO IMPERADOR WAGNER LOVE RONALDINHO FABIO LUCIANO,no
jogador condicionamento fisico pra disputar brasileirao dar em isso,no
nao contratar medalhao flamengo so gastar gastar ter garoto base,no
gastar cuellar erradamente dar pra comprar cueva,no
Santos Kkkkkkkkkkkkkkkkkkkkkkkkkkkkkkkkk torcidinha caber Kombi kk,no
cara gabar eh pra nao algum ja,no
so ganhar ROUBAR senao CHEIRAO F Z S,no
padaria Flamengo vender sonho ja acabar so restar pao,no
STJDacorda pagina rubro negraseu viceADO,no
Digam querer Copinha OPG so arbitragem sao promessa KKKK SV,no
GAROTADA RUBRO NEGRA MANDOU LEMBRANCA CASA KKKKKKKKKKK,no
Vitor Nastari voce cabeca cheio kkkkkkkkk imagine kkkkkkkkkkkkkkkkkkkkkkkkkkkkk,no
cheiro bucelto mae,yes
ir levar porrada molecada nao corpo Vao pipocar,no
Concordo montar time,no
verdade so olhar pra tabela Entendem futebol,no
nojo flamengo timinho torcida terceirizar nordestino fedir pensar carioca gema nao passar time identificacao nordeste rio falar flamengo imaginar monte paraibas fedir agua falar FRAMENGO camisa camelo Respeito Vasco Botafogo falar rio janeiro lembrar de ele Saudacoes corinthiana,yes
desnecessario ofender flamengo envolver parte ai ja nao,no
dinheiro gente pegar nao ta quebrado,no
Lateral direito zagueiro atacante ja resolver problema Cruzeiro,no
so esperar recuperar futebol,no
soberba nao acabar kkkkkkkkkkkkk,no
Relaxa Veremos de aqui rodada Soberba,no
bishona de aqui falar leicester ganhar champions ucu,yes
negro pai mae dar pra jovem,yes
voce ta zona galinha,yes
Botafogo dificil acreditar classificacao Avante Glorioso Botafogo,no
ano pra vcs muito frustracoes eliminar participar,no
ah fu voce,yes
fanatismo nao doenca fisico espiritual doenca ignoranca odio,no
Voces precisar pesquisar melhor historia campeonato,no
nao haver rebaixamento existir liga,no
ficha sujo inelegivel nao saber,no
kkkkkkkkkkkkkkkkkkkkkkk rir,no
Palmeiras nao mundial,no
inveja matahhhhhhh,no
time gol so Muiuta sorte,no
importante ganhar filho acordar pra vida,no
MULAMBOS SETEM CHEIRINHO HEPICANUNCUKKKKKKKKKK,yes
Brasil torcida inter hoje Corinthians obrigacao ganhar,no
nao timeTemos bando jogador meia bocatodo qualificacaoBarcaJA,no
ATENCAO DIRETORIA QUEREMOS TIME COMPETITIVO,no
Traz volta deixar escolher tecnico,no
prender Aguarde,no
mundia libertador,no
futebol argentino piada so pancadaria confusaor,no
bandidagem continuar esconder,no
feliz voltar Bahia baiano,no
hora chegar,no
DALHE DALHE PORCO DALHE DALHE PORCO CHUP MOLAMBOS FICARAM SO CHEIRO,no
Deus nao nao adiantar lutar,no
nao roubouao gestao,no
Ragnar nome travesti Escandinavia,yes
Entrei so pra ler comentario perito,no
Emocionar morte posse,no
Fizeram pericia peca carro,no
SERA POLICIA PERICIA CARRO ESTRANHO NE,no
Sera sabotagem,no
Melhor investigar oposicao,no
QUEIMAR CORPO DELE CHEGAR POA POLITICO INFERNO,yes
nordeste acontecer,no
Idiota,no
investigador investigar vcefdpta,yes
ai sentar boneca,yes
apostar presidente Camara,no
roubalheira continuar sao profissional,no
banco cheio problema governador,no
so metade Voce ser otimista,no
Paulo to mar c uu,yes
Alex exponha argumento abc,no
tomar dinheiro pra industria seca,no
Milhoes Sergipe Milhoes pra Alagoas governador Sergipe Bndaum,no
seca Amapa so brincadeira,no
presidente,no
dinheiro ira brotar agua solo,no
dinheiro desviar,no
recurso vao sair,no
mau presidente historia,no
nao presidente golpista,no
AECIO UNICO CAPAZ TRANSFORMAR PAIS,no
finalmente Senador entender Parabens,no
Fiquei chocado noticia,no
voce meia duzer pensar,no
Passei so pra deixar TEMER,no
lazarentuuuuu,no
Sera empresa nao,no
Reforma estrutural rbbono nao,yes
prender inocente,no
tornozeleira eletronico,no
hmmmmmmmmmmmisso bichna,yes
entao lojinha anta,yes
lojinha mae prostituta,yes
aguentar ironia,no
neto vergonha de ele,no
Cara Pau,no
Boca mole bolso conta bancaria abarrotar dolar Sahfado,no
Boca Buxeta,yes
PIAUI QUERENDO ASSUSTAR MUNDO FIGURA SO NASCE GENTE FEIA LA,yes
Vermelho nojento dever levar tiro cara bandido,yes
vagabundo,yes
corrupcao cupim corroir democracia instituicoe,no
corrupcao estampar cara individuo,no
desgracar bandido bandido votar desgraca eta burro,yes
Raposao politico profissao ta carreira Piaui adorar Eh boca mole eheheh,yes
pagar boq cadeia preso boca buc inchar,yes
deboche escarnio perder senso ridiculo humilhacao,no
debil mental,yes
MELHOR C U DIARREIA,yes
ja haver arranjar apelido casa ocuquefala,yes
cara comecar falar mudo canal,no
absurdo indignado chacota,no
voce ato enriquecer curriculo bandido entao explicar,no
kkkkkk,no
Estourou placar,no
peteba sao piores asno puxador Carroca,yes
mesmo denuncia burrao,yes
pior contar dedo mao kkkkkkkkkkkk,yes
querer matar,yes
ONU KKKKKKKK ONU bosta mesmo antar,yes
sentir peru entrar,yes
morar sentir peru Aecio entrarkkkk,yes
Carlinha Antinha servico petebas Ridicula,yes
muito denuncia acao,no
muito denunciar acao,no
muito denuncia muito prova cadeia,no
Joao retardar prestar atencao gangue tomar Brasil assalto,yes
entao ir perdoar Ladrao so turma tambem nao bom prender,no
saber causa pesquisa poder presidente,no
voce duvidar medida tao rapido MPF,no
calmo questao lembrar Cunha,no
so conviccao nao prender ninguem,no
verdade apesar achar pesquisa sao furar,no
politico sao reflexo,no
denuncia pedir juiz caso blz,no
Curitiba esperto voce pensar,no
Concordo Carlos lavagem cerebral pra asno,yes
PRENDER FUJA PRA CUBA,no
votar indicar,no
Kkkkk,no
Olha ai esquerdopata cmedor alfafa negativar,yes
pesquisa comprar,no
SERA RECEBIDO JUIZ SERGIO MORO,no
Prendam chefe mor corrupcao,no
nao existir materialidade so conviccaor,no
verdade ja passar hora,no
ACEFALOSESTE CIDADAO TORNOU MITO DIA PERCEBEMOS NAO PASSA RATO LADRAO DIGAM CONTRARIO,no
casa cair,no
Cade prova,no
JA VIROU NOVELA CHEGA CANSAMOS,no
pulso,no
materia espetacular Grs,no
denunciado hoje ok prender,no
JAMAIS SERA,no
fato Nao ha politico honesto Brasil,no
ai materia so titulo Kd resto,no
,no
so denunciar prender,no
nao entender ta faltar pra prender,no
sera prender,no
denuncia denunciar denunciar cadeia,no
Indiciam denunciar nao prender,no
triplex cair,no
finalmente prender,no
tucano rei delacoe,no
Homem honesto Brasil,no
desordem Regresso,no
Srs JUIZES PREDEM BANDIDO,no
noticia antigo,no
prender Natal,no
processo gente cana,no
QueseFODAesseFDP gostar defender tbm,yes
enorme rechear pizza,no
Denuncia nao encher barriga precisar valer,no
Indiciacoes semana ja pedir musica,no
estao tentar desviar foco,no
Serra milhoes tambem,no
nao,no
g CANALHAS COMENTARIOSENFIA LA,yes
Ententam nao ha denunciar prova,no
monte bosta minimo norte nordeste trabalhar nao trabalhar viver Bolsa familia votar luladrao,yes
Cade algema,no
gauchada boiola kkkk,yes
Guy Gay boiola pai,yes
foro privilegiar bosta Burro,yes
pro lulao levar viagra,yes
Deixem cara paz,no
kkkkkk,no
Credo Globo instigar violencia,no
filhodaPhuta Brasil,yes
provar irao cadeia,no
voce colocar rotulo pessoa,no
encantador burro pegar,yes
kkk voce sao comedia,no
MPF trabalho interesse tucano pmdbista,no
nao serio acabar ler,no
investigar dar aula Portugues,no
ano,no
Brincadeira vc acreditar realmente em isto,no
de ele cadar denuncia,no
BURRO ASNO TOPEIRA,yes
mulher grosso estupido ignorante,yes
alem burro analfabeto,yes
Hahahahahaha jumento,yes
la lamber bola de ele,yes
idiota abestar voce,yes
lavar panela vaca,yes
Idiotao sabidao,no
Romulo comer bosta,yes
Lizzie comer bosta,yes
achar ta faltar prova,no
ter baianoputz povinho,yes
KKKKK LADRAO MERECE MOE,yes
cala boca jumento,yes
serio,no
Pobre BURRO neque,yes
peco respeito Falei,no
entao pecar respeito Falei,no
GABRIEL VOCE COVARDE VOCE PEIDAR VOCE CAGA,yes
asno nome ta sacanagem,yes
Sao paulino gostar mamar cajado,yes
nao futebol paraguaio,no
Tomara estar certo colega,no
ir ficar ja estao ai,no
Vc retardar,yes
cara jogar,no
Enfia rab mae,yes
achar voce pagina errar,no
Andre noiar diminuer fumo Ta dificil,yes
colocar vc otario su amae,yes
moral idiota quase voltar Kkkkkkkk,no
SRN R B U D Negao,yes
passar mulher deixar g z d,yes
Jkkkkkkkkkbosta Clubenao dinheiro pra contratar pra comprar camisa Estadiokkkkkkkkkvice eternopiar Brasil voltar,yes
P I R N H,yes
fundo poco,no
Virou bagunca,no
comum time pequeno,no
dinheiro clube falido,no
jogo flaF Z S estadione g l b,yes
ate pena time so passar vergonha,no
varzea Time pequeno,no
cala bocar idiota,yes
ai matador,no
Gostei mudanca estrategia,no
outro asno nao Artur,yes
mITO futebol,no
precisar centroavante lateral esquerdo,no
Volante centroavante lateral esquerdo,no
divulgar procurar ai,no
time gostar ceder cauda,yes
vc analfabeta,yes
Sera ganhar copa Brasil,no
diferenca,no
Sao Paulo apressar comer C u,yes
nao pra comparar fato,no
verdade triste verdade,no
darar certo rumo gloria,no
JOGADOR TIME PEQUENO,no
Walter dever lutar SUMO PODERIA,yes
gordao ficar rir conseguir ficar pe,yes
burro,yes
dirigente falar algum mentira,no
ja ta chato historia Walter td ano,no
nao importar sao mesmo jogador,no
sorriso sonatar ver jogar futebol Marcelo Daniel Alves jogar ano time ponta Europa ja ganhar ds titulo ja vario selecao mundo bosta falar q sao ruim,yes
reserva capaz vir reserva,no
ver,no
vier otimo reforco,no
vier sera reforco,no
excelente jogador sera titular Jo,no
ser faca trabalho,no
GOSTEIKKKKKKKKKKKKKKKK,no
Karen lavar louco q ta sujo,yes
CHORO CONTINUA SENDO LIVRE,no
bom clube planeta,no
Intao vc nao ganhar nd pk ruim Msm,no
Ta cara peidar farofa kkkkkkk,yes
enganar,no
voce desinformar,no
sincero Corram atr,no
Falou cara nao sair pagina verde,no
choro livre,no
aprender escrever cavalo,yes
vc chacota bi b mundial kkk,no
mundial bi b lesma verde kkkkk,yes
Anselma Bibona invejoso criatividade,yes
mina cara cavalo,yes
Ricardo cara cavalo potranca,yes
empresario rapaz simplesmente magico,no
Ser feliz,no
venda casado,no
otimo noticia massa atleticano,no
dever contratar,no
empresario,no
Libera rapido turco desistam,no
eis sorte bater porta,no
alguem disponivel pra levar aeroporto,no
Jogar milho sentar sabugo ne Maria,yes
voces nao disputar libertador,no
pq precisar trabalhar,no
GUILHERME IDIOTA,yes
Lurdinha burro,yes
,no
Alo botar ovo fracast,yes
MIERDAS,yes
Alguem falar helicoptero,no
falar,no
time bosta cair gigante kkkk,yes
contratacoes franga vao tomar oi,yes
time,no
pior cego burro,no
dinheiro fruto corrupcao vc deverar prender,no
BATATA JA ESQUENTOU BEBADO LADRAO POVOCADEIA nELES DRSERGIO MORO,yes
ADVOGADO BANDIDO BANDIDO IGUAL EXTERMINADO,yes
aCHO AECIO NAO TELEFONOU JUIZECO HOJE TA DANDO PITI SAUDADES KKKKK,yes
mamis ja ne chamar mulher mamis inocente,yes
AdiANALdo pregar continuar firme forte,yes
Igual mamis pregar indestrutivel kkkkkkkkkkk,yes
Ruy vc acreditar Japa Federal tb ne Jumento,yes
Entrou fedidinho Junior ui proprio gayzisse,yes
dia macho chegar Aguarde comprar lenco pro choro esterco humano,yes
Alexandre maluco so comeu titico crianca,yes
Olha ser ja ter prender esquartejar luladrao kd,yes
Junior nome Marmota atitude Ooooooo sujeitar tapar,yes
Acordem Trouxinhas casa cair,no
bixario coxa ta desespero,no
Bixaria mortadela tar desespero,no
La afeminado Peta invadir comentario alheio Uiiiiiiii Nojentaaaa,yes
devolver troco R servico oral,yes
Adinaldo kkkkkkkkkkkk defe car mortadela,yes
nao Junior Soares Defequei Juniorizinhos Soares,yes
nordeste bandido estao sudeste,yes
cei tao dano buesta cair ano,no
BOFE Joao Paulo alem LINDO PAUlo MARAVILHOSO Noizinhas MENGAO amar SRNSomos Rabudas Negao dcm DIAMETRO CRFCheirinho R Fedida,yes
NOIZINHAS MENGAO URUBU chamar NKU jogo ano BOFES time dever levar NKU deixar NKU dever SRNSomos Rabudas Negao dcm DIAMETRO CRFCheirinho R Fedida,yes
umo povinho idota,no
ficar piroka metade ja ta docusso mae,yes
issoO Palmerda bi rebaixado continuar mundial Kkkkkkkkkkkkkkkkkkkkkkkkkkkkk,yes
Cabra frouxo,no
Arregao,no
Faltar opcao virar homem,no
procurar pra mamar Freddie Mercury bom rubroneca,yes
Velho babao falar asneira pagina,yes
Sonha boneca,yes
aa tricolete estao descontrolado,yes
RUBRONECAS,yes
retocar maquiagem tricolete frufru nao comer ninguem comer,yes
IDOLO FUDINENSE SERIE B ENTRAR JUSTICAO PRA NAO CAIR,yes
rosquinha tricolete estao arder causa Conca,yes
Dorzinha cotovelo Florzinha einMimimimi,yes
Florzinhas ficar chateado KKKKKKKKKKKKKKKKKKKKKKKK,yes
mulambos subornador paguem Serie B,yes
Meigos sao cheiroso nao Fedem Urubu,yes
Abel brucututreinar time Bonequinhasnao certo,yes
Paulo cid matar barato assinar contrato mes ja receber salario integral vc achar china fra ficar receber nao acreditar diretoria falar inocente,no
diretoria transparente nao mente igual voce nao q flamengo falar concreto fato credibilidade,no
so querer po arroz maquiagem ha esqueca paguem serie b,no
empresa concorrente oferecer super contrato trabalho voce trocar empresa quanta gente hipocrito torcida fluminense aff,no
so ve historia voce to vida ganhar ganhar quase milhoes mes durante ano culpa Fluminense pq nao sinceramente jogar ate graca obrigacao de ele bom retribuir vida ganhar graca Fluminense ja ganhar chamar ganancia mercenario nao idolo,no
KKKKKKKK CARAS DESSES JOGAR FUDINENSE,yes
Bbcas serie c vcs nao saben Separar quanto trocar epoca doval troca Fla x flu Vasco x botar Jogadores marcar epoca historia vcs sao eterno serie c,no
calcinha mae ja tirar facilidade perguntar pra,yes
contribuir gente levante taca ta flamengo so pagar comecar jogar,no
Maycon ate admitar negocio si Fla atualmente nao acreditar coisa va jogar Fla levante algum tacar ano kkkkk,no
Rafael finalista Libertadores ano passado de ele titular selecao Equatoriana outro futuro camisa selecao ja sondar clube Europa certo Conquinha ano bichado kkkkkkkk,no
estao melar calcinha tricoflorzinhas,yes
Comparacao nexo Tyson passar auge pra chegar sabesr motivo Tyson mito infelizmente perder carreira,no
nao entendi comparacao Tyson pra ambito psicologico,no
dizer ronda pegar adversaria verdade qdo pegar alguem bater forte afinar viver correr Ciborg pq saber ir perder medo apanhar parar lucrar,no
nao parar lucrar perder ultima total pagar so pra,no
Imperador balela Entao nao sao adversario verdade disser Anderson Silva pegar oponente Verdae pegar wrestling perder,no
so colocar pra safra ai q surra mau luta nao passar round colocar Semiaposentados pra ter algum chance,no
categoria so TJ chance consideravel Cruz tambem entanto apostar Cody Ja Aldo nao favorito Aldo usar jab low kicks fazer luta estrategico,no
historia cara moleque subir octagon pra receber cinturao louco cara ate sangue olho pra ajudar moleque nao,no
nao afoito nao Cruz paciente atraindoo trocacao franca So dar blitz adversario anterior ter confianca nao motivo botar dormir,no
vich evento ta cair luta card principal ta hora Dana comecar substituto pra d situacao q q ja deixar inusitar,no
Cruz so agilidade nocaute Cody vir preparado levar,no
caro amigo enigmaticosNao dever comparalo Tyson Tyson mito boxe deixar desejar pessoal entao nao pessoal profissional cara nao completo Chequei raciocinio assistir Faustao,no
chamar pra Atras escola sentar garoto kkkk,yes
Jhalim Rabei ate fiquei assustar começar ler comentario pensar Connorlevava menino tra escola dar bunda KKKKKKK,no
Irmao Honorato falar verdade agir razao inves emocao diferente tupims amer lindo,no
